name	w	h	speed	mode	q	bytes	psnr_y	psnr_u	psnr_v	ms	px_64x16	px_16x64
cid1_128	128	128	2	deep	30	7809	46.7237	47.0182	47.6533	1932	0	0
cid1_128	128	128	2	deep	55	5799	42.4844	45.7035	44.8622	1537	0	0
cid1_128	128	128	2	deep	80	4528	39.5954	44.8517	43.0747	1198	0	0
cid1_128	128	128	2	deep	105	3431	37.0148	44.2910	41.8792	1279	0	0
cid1_128	128	128	2	deep	130	2368	34.1622	43.5172	40.5055	1053	0	0
cid1_128	128	128	2	deep	155	1514	31.6177	43.0362	39.0025	837	0	0
cid1_128	128	128	2	deep	180	870	28.8726	42.5211	37.6824	726	0	0
cid1_128	128	128	2	deep	205	444	26.7586	41.4801	36.6115	548	0	0
cid1_128	128	128	2	deep	230	227	24.9807	40.9252	35.5653	355	0	0
cid1_256	256	256	2	deep	30	24253	47.3194	48.3003	48.4162	6228	0	0
cid1_256	256	256	2	deep	55	17671	43.2473	46.8926	45.7862	4694	0	0
cid1_256	256	256	2	deep	80	13713	40.4447	46.1370	44.2926	3981	1280	0
cid1_256	256	256	2	deep	105	10323	37.9672	45.4566	43.1833	3491	4096	0
cid1_256	256	256	2	deep	130	7081	35.1958	44.7138	41.7191	3020	7936	0
cid1_256	256	256	2	deep	155	4505	32.6264	44.1717	40.3071	2555	4096	0
cid1_256	256	256	2	deep	180	2654	30.0788	43.2117	38.9296	1959	2048	0
cid1_256	256	256	2	deep	205	1383	27.8030	42.5181	37.7380	1383	0	0
cid1_256	256	256	2	deep	230	652	25.8822	41.2700	36.0817	882	0	0
cid1_512	512	512	2	deep	30	77675	48.0240	49.0912	48.9923	21282	2048	0
cid1_512	512	512	2	deep	55	56317	44.1146	47.6399	46.4187	16756	3072	0
cid1_512	512	512	2	deep	80	43695	41.4464	46.8866	44.8034	14084	1536	0
cid1_512	512	512	2	deep	105	33077	38.9972	46.0982	43.6489	12087	9472	0
cid1_512	512	512	2	deep	130	23184	36.3186	45.2970	42.3052	9895	9728	0
cid1_512	512	512	2	deep	155	14927	33.6344	44.7608	40.8529	8172	17920	0
cid1_512	512	512	2	deep	180	8644	30.9613	44.1038	39.6486	6995	9216	0
cid1_512	512	512	2	deep	205	4575	28.6783	43.3518	38.3884	4763	5632	0
cid1_512	512	512	2	deep	230	2225	26.7628	42.1276	36.8709	2992	3584	0
cid2_128	128	128	2	deep	30	7041	47.0804	47.0960	48.6148	2413	0	0
cid2_128	128	128	2	deep	55	5440	42.6907	44.6817	46.1427	1914	0	0
cid2_128	128	128	2	deep	80	4534	40.1817	43.4478	44.5519	1845	0	0
cid2_128	128	128	2	deep	105	3626	37.2685	42.4520	43.5433	1647	0	0
cid2_128	128	128	2	deep	130	2666	34.0720	40.8842	42.0418	1523	0	0
cid2_128	128	128	2	deep	155	1820	30.8866	39.1536	40.3111	1103	0	0
cid2_128	128	128	2	deep	180	1148	27.8468	37.9262	38.9460	995	0	0
cid2_128	128	128	2	deep	205	644	25.3809	36.5824	37.3620	668	0	0
cid2_128	128	128	2	deep	230	353	23.3150	35.2230	35.9942	414	1024	0
cid2_256	256	256	2	deep	30	21930	48.6363	48.1820	49.8477	9679	0	1024
cid2_256	256	256	2	deep	55	16541	44.3235	45.4987	47.1932	8476	0	1024
cid2_256	256	256	2	deep	80	13634	41.7423	43.9863	45.5509	7707	0	1024
cid2_256	256	256	2	deep	105	11003	38.9477	42.7117	44.5236	6878	0	0
cid2_256	256	256	2	deep	130	8110	35.7776	40.9557	42.8777	5757	1280	0
cid2_256	256	256	2	deep	155	5457	32.6652	39.3492	41.1272	4816	0	0
cid2_256	256	256	2	deep	180	3405	29.7253	37.7906	39.6810	3787	0	0
cid2_256	256	256	2	deep	205	1971	27.0394	36.3555	37.9635	2717	0	0
cid2_256	256	256	2	deep	230	1105	24.8504	34.9686	36.6380	1891	0	0
cid2_512	512	512	2	deep	30	47737	51.2843	50.9679	52.5282	23119	2304	2304
cid2_512	512	512	2	deep	55	36338	47.1907	48.5778	50.0881	20192	1024	6656
cid2_512	512	512	2	deep	80	29890	44.6110	47.1276	48.5308	17756	1024	4352
cid2_512	512	512	2	deep	105	24162	41.9588	45.8137	47.4333	17037	3328	0
cid2_512	512	512	2	deep	130	18379	38.9243	44.3754	46.0823	15769	1792	1280
cid2_512	512	512	2	deep	155	12823	35.7888	43.0099	44.3381	12180	4352	0
cid2_512	512	512	2	deep	180	8216	32.5866	41.6583	42.9028	9815	0	1280
cid2_512	512	512	2	deep	205	4830	29.7536	40.2654	41.2881	6966	0	5120
cid2_512	512	512	2	deep	230	2655	27.4195	39.0117	40.0013	4753	0	10752
cid3_128	128	128	2	deep	30	5949	47.3869	48.5268	48.7656	2252	0	0
cid3_128	128	128	2	deep	55	4136	43.3806	47.2069	46.8099	1875	0	0
cid3_128	128	128	2	deep	80	3172	40.7539	46.4132	45.6642	1628	0	0
cid3_128	128	128	2	deep	105	2337	38.5192	45.7522	44.6735	1457	0	0
cid3_128	128	128	2	deep	130	1585	35.9135	45.1141	43.7052	1236	0	0
cid3_128	128	128	2	deep	155	1032	33.5509	44.2336	42.8556	900	0	0
cid3_128	128	128	2	deep	180	627	31.2757	43.4162	41.9630	629	0	0
cid3_128	128	128	2	deep	205	378	29.1811	42.3829	40.7603	419	0	1024
cid3_128	128	128	2	deep	230	234	27.3977	40.8130	39.6923	214	1536	1280
cid3_256	256	256	2	deep	30	22595	47.3209	48.8106	49.1119	9589	0	0
cid3_256	256	256	2	deep	55	15813	43.4799	47.2601	47.2084	9441	0	0
cid3_256	256	256	2	deep	80	11870	40.8678	46.5010	46.0326	8708	0	0
cid3_256	256	256	2	deep	105	8716	38.5626	45.8457	45.0156	7532	0	0
cid3_256	256	256	2	deep	130	5933	36.0818	44.7666	44.0330	6520	0	0
cid3_256	256	256	2	deep	155	3742	33.6590	44.0365	42.9513	4928	0	0
cid3_256	256	256	2	deep	180	2297	31.4539	42.9165	42.0200	3523	0	0
cid3_256	256	256	2	deep	205	1385	29.2546	41.9153	40.8246	2638	1024	0
cid3_256	256	256	2	deep	230	844	27.4692	40.4958	39.7131	1631	1792	0
cid3_512	512	512	2	deep	30	91693	47.2974	48.5586	49.1024	43950	0	0
cid3_512	512	512	2	deep	55	63096	43.2196	46.8962	47.0785	35282	0	0
cid3_512	512	512	2	deep	80	47663	40.6731	46.0297	45.8612	30481	0	0
cid3_512	512	512	2	deep	105	35196	38.3530	45.3410	45.0193	26814	0	0
cid3_512	512	512	2	deep	130	23894	35.8444	44.4444	43.8990	22354	0	0
cid3_512	512	512	2	deep	155	15233	33.3987	43.4119	42.8133	18186	0	0
cid3_512	512	512	2	deep	180	9292	31.1146	42.4085	41.6556	13740	0	0
cid3_512	512	512	2	deep	205	5702	28.9272	41.2641	40.5815	10124	0	0
cid3_512	512	512	2	deep	230	3397	26.8809	40.3248	39.6199	6460	2560	2816
cid4_128	128	128	2	deep	30	4624	47.5740	46.9692	49.4300	2507	0	0
cid4_128	128	128	2	deep	55	3365	44.0742	45.1141	47.5012	2113	0	0
cid4_128	128	128	2	deep	80	2620	41.7646	43.4840	46.3193	1915	0	0
cid4_128	128	128	2	deep	105	2055	39.4102	41.9778	45.3318	1747	0	0
cid4_128	128	128	2	deep	130	1569	36.7982	40.7058	44.1319	1454	0	0
cid4_128	128	128	2	deep	155	1177	34.1023	39.0566	42.7925	1121	0	0
cid4_128	128	128	2	deep	180	837	31.1820	37.5690	41.0817	653	0	0
cid4_128	128	128	2	deep	205	560	28.4763	36.0126	39.2053	502	0	0
cid4_128	128	128	2	deep	230	370	25.9342	33.7566	37.4431	258	1280	0
cid4_256	256	256	2	deep	30	15287	48.5316	48.0687	50.0972	8547	0	0
cid4_256	256	256	2	deep	55	10561	44.9420	45.7412	48.1721	7000	0	0
cid4_256	256	256	2	deep	80	8401	42.7054	44.0141	47.0692	6287	0	0
cid4_256	256	256	2	deep	105	6452	40.4571	43.0576	46.1855	5664	0	0
cid4_256	256	256	2	deep	130	4653	37.8589	41.5206	44.7181	4910	0	0
cid4_256	256	256	2	deep	155	3338	35.3168	39.9429	43.3762	3947	0	0
cid4_256	256	256	2	deep	180	2265	32.5100	38.3630	42.0478	3334	0	0
cid4_256	256	256	2	deep	205	1531	29.8354	36.8758	40.3802	2362	0	1280
cid4_256	256	256	2	deep	230	1070	27.1691	35.1652	38.8121	1509	2560	2048
cid4_512	512	512	2	deep	30	48529	49.0162	48.7667	50.3113	30681	2048	0
cid4_512	512	512	2	deep	55	33987	45.8444	46.7361	48.5809	25134	0	0
cid4_512	512	512	2	deep	80	26488	43.6510	45.4792	47.3826	22598	0	0
cid4_512	512	512	2	deep	105	20297	41.5029	44.1679	46.4501	19847	0	0
cid4_512	512	512	2	deep	130	14623	38.8859	42.7123	45.1882	16483	3584	0
cid4_512	512	512	2	deep	155	9843	36.2352	41.0974	43.7054	13737	4096	0
cid4_512	512	512	2	deep	180	6444	33.5948	39.6154	42.3047	10408	10240	0
cid4_512	512	512	2	deep	205	4261	31.1792	38.0282	41.0533	7805	13568	0
cid4_512	512	512	2	deep	230	2567	28.5683	36.2966	39.2881	5633	11776	2304
clic1_1024	1024	1024	2	deep	30	183671	50.0689	54.7420	54.0085	82792	4608	13312
clic1_1024	1024	1024	2	deep	55	122735	46.6762	53.9413	52.9302	65944	6400	9728
clic1_1024	1024	1024	2	deep	80	90450	44.3803	53.3705	52.4591	52674	4864	12288
clic1_1024	1024	1024	2	deep	105	62689	42.1354	52.8142	51.9357	45322	1536	11008
clic1_1024	1024	1024	2	deep	130	35196	39.6593	52.0410	51.3369	39866	3072	28160
clic1_1024	1024	1024	2	deep	155	15815	37.6165	51.2039	50.4870	26126	2048	23040
clic1_1024	1024	1024	2	deep	180	6805	36.3249	50.1586	49.5001	16810	6656	24320
clic1_1024	1024	1024	2	deep	205	3442	35.3459	49.2543	48.4832	11397	12800	23296
clic1_1024	1024	1024	2	deep	230	2018	34.3962	47.3658	47.5387	8415	13824	25344
clic1_128	128	128	2	deep	30	3742	48.6051	54.0757	53.2095	1446	0	2048
clic1_128	128	128	2	deep	55	1957	44.7081	52.5606	52.0822	907	0	0
clic1_128	128	128	2	deep	80	1404	43.2125	52.0743	51.4532	902	0	0
clic1_128	128	128	2	deep	105	931	41.6502	51.2506	50.8639	713	0	0
clic1_128	128	128	2	deep	130	553	39.8599	49.6319	49.9375	670	0	0
clic1_128	128	128	2	deep	155	303	38.3740	49.2029	49.3492	502	0	0
clic1_128	128	128	2	deep	180	181	37.0158	47.6581	47.4140	333	0	0
clic1_128	128	128	2	deep	205	136	35.8464	44.7561	45.5428	195	0	0
clic1_128	128	128	2	deep	230	107	34.7610	44.5093	43.3979	175	0	0
clic1_256	256	256	2	deep	30	13149	49.2150	53.4844	53.4481	7280	0	2048
clic1_256	256	256	2	deep	55	7210	45.6439	52.4986	52.2816	4790	0	0
clic1_256	256	256	2	deep	80	4659	43.7862	51.7673	51.7119	3715	0	1536
clic1_256	256	256	2	deep	105	2876	42.1292	51.4384	50.8993	3125	0	4352
clic1_256	256	256	2	deep	130	1595	40.5728	50.5897	50.3778	2452	0	0
clic1_256	256	256	2	deep	155	874	39.2628	49.1634	48.9984	1764	0	3072
clic1_256	256	256	2	deep	180	503	38.1086	47.6903	48.0445	1155	0	2816
clic1_256	256	256	2	deep	205	347	37.0219	47.0584	46.6657	966	0	1536
clic1_256	256	256	2	deep	230	234	35.4908	45.3046	45.1515	639	0	3840
clic1_512	512	512	2	deep	30	45420	49.8914	54.1692	53.6737	22889	0	5888
clic1_512	512	512	2	deep	55	28075	46.4688	53.4073	52.5986	17202	0	4608
clic1_512	512	512	2	deep	80	19722	44.3438	52.9234	52.1040	15250	1024	5376
clic1_512	512	512	2	deep	105	13064	42.3036	52.1414	51.5081	11742	0	12544
clic1_512	512	512	2	deep	130	7067	40.1822	51.2125	50.7499	8575	0	8704
clic1_512	512	512	2	deep	155	3702	38.5750	50.3706	49.8759	6216	0	10752
clic1_512	512	512	2	deep	180	1960	37.3078	49.1368	48.8013	4203	0	13312
clic1_512	512	512	2	deep	205	1138	36.1175	48.1154	47.7907	2716	5632	7424
clic1_512	512	512	2	deep	230	674	34.7347	46.9594	46.8558	2250	4096	8704
clic2_1024	1024	1024	2	deep	30	192953	48.2556	50.3360	50.9440	136790	7424	1536
clic2_1024	1024	1024	2	deep	55	119041	45.2888	48.6782	49.0133	97447	5376	5120
clic2_1024	1024	1024	2	deep	80	87761	43.5821	47.5892	47.7368	85388	21760	11520
clic2_1024	1024	1024	2	deep	105	66557	41.9084	46.5395	46.5904	71552	36864	6656
clic2_1024	1024	1024	2	deep	130	49114	39.8838	45.1319	45.2421	59197	40704	13824
clic2_1024	1024	1024	2	deep	155	34276	37.4365	43.7223	43.4694	49742	43008	21760
clic2_1024	1024	1024	2	deep	180	23635	34.7972	42.2800	41.7435	39533	35840	20224
clic2_1024	1024	1024	2	deep	205	15421	32.0470	40.3745	39.6628	30434	42752	19968
clic2_1024	1024	1024	2	deep	230	9364	29.2498	38.4976	37.6995	23640	37632	27392
clic2_128	128	128	2	deep	30	2726	47.2717	49.8674	49.7673	2091	0	0
clic2_128	128	128	2	deep	55	1487	44.3720	47.9177	48.1681	1570	0	0
clic2_128	128	128	2	deep	80	1137	43.2062	46.6842	46.9790	1174	2048	0
clic2_128	128	128	2	deep	105	914	41.9559	46.2596	45.8059	958	2048	0
clic2_128	128	128	2	deep	130	703	39.9814	44.5523	44.4758	778	0	0
clic2_128	128	128	2	deep	155	523	37.8471	42.6416	42.2522	768	0	0
clic2_128	128	128	2	deep	180	391	35.5489	40.3208	40.5266	571	3328	0
clic2_128	128	128	2	deep	205	284	32.9313	39.4224	38.9660	327	3328	0
clic2_128	128	128	2	deep	230	201	29.9476	36.7327	36.8636	205	5120	0
clic2_256	256	256	2	deep	30	12943	47.3271	49.6631	49.9412	8813	0	0
clic2_256	256	256	2	deep	55	7900	44.4750	48.0507	48.2967	6936	0	0
clic2_256	256	256	2	deep	80	6000	42.8865	46.9254	46.9429	5711	3584	0
clic2_256	256	256	2	deep	105	4798	41.3941	45.6814	45.9167	5023	3584	0
clic2_256	256	256	2	deep	130	3711	39.1261	44.4856	44.4804	4175	1792	0
clic2_256	256	256	2	deep	155	2765	36.4199	42.6654	42.5238	3585	0	0
clic2_256	256	256	2	deep	180	1976	33.5434	40.7518	40.8340	2595	5120	0
clic2_256	256	256	2	deep	205	1359	30.9099	39.2880	39.0420	1952	6144	0
clic2_256	256	256	2	deep	230	907	28.0838	36.9953	36.9105	1318	7168	2816
clic2_512	512	512	2	deep	30	43712	47.8587	50.7592	50.9905	33424	0	0
clic2_512	512	512	2	deep	55	24692	45.0283	49.2691	49.2834	24612	1536	0
clic2_512	512	512	2	deep	80	18377	43.6210	48.0962	48.1989	19311	7424	4864
clic2_512	512	512	2	deep	105	13976	42.1844	46.8700	47.1096	15878	5120	4864
clic2_512	512	512	2	deep	130	10393	40.2934	45.4248	45.6684	13400	5376	11520
clic2_512	512	512	2	deep	155	7586	38.0278	43.9001	44.0167	10557	10240	9984
clic2_512	512	512	2	deep	180	5255	35.4158	42.2707	42.2790	8461	14080	15360
clic2_512	512	512	2	deep	205	3509	32.8283	40.5736	40.3960	6477	20224	20992
clic2_512	512	512	2	deep	230	2242	30.3268	38.7865	38.2919	5205	13824	11776
clic3_1024	1024	1024	2	deep	30	166707	49.2364	51.0283	51.8883	109981	1536	8960
clic3_1024	1024	1024	2	deep	55	87670	45.9307	49.4855	50.1451	71165	0	4864
clic3_1024	1024	1024	2	deep	80	61071	44.5557	48.4701	49.1409	63233	1536	6656
clic3_1024	1024	1024	2	deep	105	44363	43.3009	47.4295	48.0339	53946	1536	7424
clic3_1024	1024	1024	2	deep	130	31642	41.7689	46.1950	46.8527	46693	2816	5632
clic3_1024	1024	1024	2	deep	155	22307	39.9702	44.8475	45.3138	38918	1536	5120
clic3_1024	1024	1024	2	deep	180	15791	38.0252	43.3760	43.7766	31094	2816	6912
clic3_1024	1024	1024	2	deep	205	10900	35.6778	41.7455	42.0644	23993	7936	8960
clic3_1024	1024	1024	2	deep	230	7454	33.3711	39.9093	40.1179	18960	9216	14848
clic3_128	128	128	2	deep	30	4198	48.5942	50.2335	51.1157	2072	0	0
clic3_128	128	128	2	deep	55	2507	44.8707	48.6625	49.3873	1683	0	0
clic3_128	128	128	2	deep	80	1539	42.5863	47.4647	48.2994	1268	0	0
clic3_128	128	128	2	deep	105	1042	41.1783	47.0844	47.4884	1147	0	0
clic3_128	128	128	2	deep	130	705	39.8100	45.4992	46.4527	895	0	0
clic3_128	128	128	2	deep	155	478	38.2198	44.5514	44.8682	759	0	0
clic3_128	128	128	2	deep	180	351	36.5116	43.4735	42.8268	591	0	0
clic3_128	128	128	2	deep	205	250	34.7172	40.5060	40.7541	404	0	0
clic3_128	128	128	2	deep	230	182	32.3692	39.1625	39.1401	183	0	1280
clic3_256	256	256	2	deep	30	12986	49.0594	50.3930	51.5727	8059	0	0
clic3_256	256	256	2	deep	55	7435	45.7141	48.7868	49.7018	6142	0	0
clic3_256	256	256	2	deep	80	4965	43.8375	47.9066	48.5245	4899	0	0
clic3_256	256	256	2	deep	105	3622	42.4600	46.7079	47.4075	4166	0	0
clic3_256	256	256	2	deep	130	2539	40.8926	45.3615	46.2224	3538	0	0
clic3_256	256	256	2	deep	155	1757	39.0001	44.0273	44.4753	2986	0	0
clic3_256	256	256	2	deep	180	1285	37.0212	42.1457	42.8624	2398	0	0
clic3_256	256	256	2	deep	205	883	34.8975	40.0402	40.8847	1732	0	1024
clic3_256	256	256	2	deep	230	618	32.4741	38.7057	38.7309	1458	0	3072
clic3_512	512	512	2	deep	30	49520	48.6862	50.4332	51.4756	33411	0	1536
clic3_512	512	512	2	deep	55	28938	45.4126	48.8098	49.6622	26886	0	1792
clic3_512	512	512	2	deep	80	20087	43.6800	47.7328	48.5933	22759	0	1536
clic3_512	512	512	2	deep	105	14582	42.2255	46.6924	47.4535	18455	0	0
clic3_512	512	512	2	deep	130	10049	40.4148	45.1921	46.2022	15270	0	3072
clic3_512	512	512	2	deep	155	6954	38.6187	44.0167	44.7305	13220	0	1536
clic3_512	512	512	2	deep	180	4844	36.4954	42.4339	42.9914	10142	0	1280
clic3_512	512	512	2	deep	205	3339	34.2300	40.6718	41.0501	8143	0	4352
clic3_512	512	512	2	deep	230	2249	31.9543	38.8344	39.1058	5615	1536	12032
clic4_128	128	128	2	deep	30	6307	48.1025	51.1794	52.3990	2087	0	0
clic4_128	128	128	2	deep	55	4611	43.7604	50.3310	50.9686	1759	0	0
clic4_128	128	128	2	deep	80	3562	41.1244	49.9812	49.9666	1455	0	0
clic4_128	128	128	2	deep	105	2626	38.5286	49.3156	49.6771	1446	0	0
clic4_128	128	128	2	deep	130	1722	35.7230	48.7010	48.8349	1111	0	0
clic4_128	128	128	2	deep	155	1003	33.2258	48.3293	48.2447	803	0	0
clic4_128	128	128	2	deep	180	447	30.7156	47.3048	47.5334	411	0	0
clic4_128	128	128	2	deep	205	216	29.3737	46.8162	46.7308	218	0	0
clic4_128	128	128	2	deep	230	105	28.0135	45.6576	46.3242	178	0	1280
clic4_256	256	256	2	deep	30	26599	48.0761	51.1961	52.0618	9096	0	0
clic4_256	256	256	2	deep	55	19607	43.7503	50.2223	50.6789	7825	0	0
clic4_256	256	256	2	deep	80	15288	40.9994	49.8159	49.8623	6579	0	0
clic4_256	256	256	2	deep	105	11375	38.2986	49.1219	49.5448	7275	0	0
clic4_256	256	256	2	deep	130	7370	35.4362	48.6128	48.9269	4509	0	0
clic4_256	256	256	2	deep	155	4122	32.7791	47.8379	48.1279	3883	0	0
clic4_256	256	256	2	deep	180	1924	30.6010	47.3020	47.4107	2146	2048	0
clic4_256	256	256	2	deep	205	760	29.0515	46.5264	46.2800	1012	2816	2816
clic4_256	256	256	2	deep	230	295	28.0631	45.4195	45.2018	592	2560	1024
clic4_512	512	512	2	deep	30	95477	48.1810	51.0210	52.2039	37434	0	0
clic4_512	512	512	2	deep	55	68171	43.9130	50.0386	50.7980	30482	0	0
clic4_512	512	512	2	deep	80	52164	41.2598	49.5015	50.0357	24720	0	0
clic4_512	512	512	2	deep	105	38180	38.7513	49.0022	49.4530	20888	0	0
clic4_512	512	512	2	deep	130	24261	35.9475	48.2365	48.7939	15617	1536	1280
clic4_512	512	512	2	deep	155	13544	33.3708	47.6807	47.9252	12146	3072	0
clic4_512	512	512	2	deep	180	6478	31.2237	46.7274	47.0085	7704	4096	1024
clic4_512	512	512	2	deep	205	2811	29.6615	45.9457	46.0494	4640	4864	3840
clic4_512	512	512	2	deep	230	1162	28.5543	45.1457	44.8807	2556	10240	5632
clic5_128	128	128	2	deep	30	4391	49.1496	50.1348	51.6299	2001	0	0
clic5_128	128	128	2	deep	55	2694	45.1913	48.7509	49.9055	1637	0	0
clic5_128	128	128	2	deep	80	1931	43.2293	47.8775	49.1142	1372	0	0
clic5_128	128	128	2	deep	105	1313	41.2495	47.3409	48.1766	1257	0	0
clic5_128	128	128	2	deep	130	827	39.3161	46.4816	46.9969	996	0	0
clic5_128	128	128	2	deep	155	512	37.3690	44.7620	45.2289	742	0	0
clic5_128	128	128	2	deep	180	300	35.4264	44.2306	44.1126	657	0	0
clic5_128	128	128	2	deep	205	199	33.7735	42.7826	42.9069	410	0	0
clic5_128	128	128	2	deep	230	130	32.6287	41.8434	40.8667	290	0	0
clic5_256	256	256	2	deep	30	21514	48.6206	49.3601	50.8169	9758	0	0
clic5_256	256	256	2	deep	55	14446	44.5423	47.8743	48.6455	7332	0	0
clic5_256	256	256	2	deep	80	10718	42.0554	46.9090	47.5650	6893	0	0
clic5_256	256	256	2	deep	105	7711	39.8200	46.2835	46.5140	6297	1792	0
clic5_256	256	256	2	deep	130	4856	37.1772	45.3454	45.4600	4721	2048	0
clic5_256	256	256	2	deep	155	2672	34.7458	44.2968	43.9227	3357	3584	0
clic5_256	256	256	2	deep	180	1427	32.8236	43.3704	42.6672	2599	2048	0
clic5_256	256	256	2	deep	205	726	31.2407	41.7644	40.9711	1866	1792	0
clic5_256	256	256	2	deep	230	417	30.0558	40.6512	39.5020	1154	0	0
clic5_512	512	512	2	deep	30	92440	48.1138	48.4569	50.0698	37815	0	0
clic5_512	512	512	2	deep	55	63661	44.0419	46.6994	47.8160	30373	0	0
clic5_512	512	512	2	deep	80	47915	41.4547	45.7409	46.5163	26627	0	0
clic5_512	512	512	2	deep	105	35226	39.1116	44.9398	45.4007	26608	1792	0
clic5_512	512	512	2	deep	130	22485	36.4047	43.9044	44.1650	22985	2048	0
clic5_512	512	512	2	deep	155	12734	33.8989	42.7400	42.7369	16661	6400	0
clic5_512	512	512	2	deep	180	6788	31.7929	41.6961	41.4357	11341	1536	0
clic5_512	512	512	2	deep	205	3502	30.0902	40.4501	40.0566	7677	1792	0
clic5_512	512	512	2	deep	230	1777	28.6414	39.2217	38.7991	5122	0	2304
clic6_128	128	128	2	deep	30	5141	49.1627	52.8777	52.2105	2218	0	0
clic6_128	128	128	2	deep	55	3298	44.7374	51.6323	50.9604	1598	0	0
clic6_128	128	128	2	deep	80	2310	42.1969	51.2550	50.5234	1317	0	0
clic6_128	128	128	2	deep	105	1552	40.1375	50.2750	49.4486	1087	0	0
clic6_128	128	128	2	deep	130	921	37.9840	49.3506	49.0053	796	0	0
clic6_128	128	128	2	deep	155	552	36.3005	48.1086	47.6382	711	0	0
clic6_128	128	128	2	deep	180	289	34.5285	47.6648	46.3410	393	0	0
clic6_128	128	128	2	deep	205	168	33.3099	45.2311	44.3862	217	0	0
clic6_128	128	128	2	deep	230	117	32.2839	42.8726	42.5768	141	0	0
clic6_256	256	256	2	deep	30	19985	49.0470	52.6813	52.1801	7930	0	0
clic6_256	256	256	2	deep	55	13023	44.7824	51.6710	50.8110	6504	0	0
clic6_256	256	256	2	deep	80	9216	42.2964	50.7972	50.2685	4985	0	0
clic6_256	256	256	2	deep	105	6008	40.1473	50.1068	49.2834	3802	0	0
clic6_256	256	256	2	deep	130	3487	38.0331	49.4619	48.5126	2885	1280	0
clic6_256	256	256	2	deep	155	1997	36.2148	48.1766	47.5871	2132	1792	0
clic6_256	256	256	2	deep	180	1053	34.5733	46.9731	46.1628	1339	0	0
clic6_256	256	256	2	deep	205	513	33.1287	45.6362	44.4183	834	1792	0
clic6_256	256	256	2	deep	230	320	32.2254	43.2025	42.9395	754	0	0
clic6_512	512	512	2	deep	30	76827	48.5380	51.6188	51.0619	35962	0	0
clic6_512	512	512	2	deep	55	50446	44.5700	50.4453	49.7459	29679	0	0
clic6_512	512	512	2	deep	80	35555	42.1380	49.6656	48.8869	22314	0	0
clic6_512	512	512	2	deep	105	23854	39.9977	49.1216	47.9338	15995	0	0
clic6_512	512	512	2	deep	130	15239	37.9417	48.3135	46.9942	13170	0	0
clic6_512	512	512	2	deep	155	9217	35.9363	47.2604	45.6876	10784	0	1536
clic6_512	512	512	2	deep	180	5182	34.0028	45.9360	44.2894	7651	1536	1792
clic6_512	512	512	2	deep	205	2828	32.2155	44.5387	42.6610	5190	3584	1536
clic6_512	512	512	2	deep	230	1592	30.5883	43.0814	40.9158	3611	3584	1792
gb1_128	128	128	2	deep	30	6022	47.1319	47.6552	49.7151	2147	0	0
gb1_128	128	128	2	deep	55	4548	43.0713	46.0034	47.5187	1778	0	0
gb1_128	128	128	2	deep	80	3695	40.5799	44.9526	46.4054	1559	0	0
gb1_128	128	128	2	deep	105	2898	37.8922	43.7267	45.4371	1407	0	0
gb1_128	128	128	2	deep	130	2168	35.3709	42.3741	44.1838	1204	0	0
gb1_128	128	128	2	deep	155	1517	32.3183	41.0813	42.8218	1017	0	0
gb1_128	128	128	2	deep	180	960	29.3173	39.1656	40.9490	906	0	0
gb1_128	128	128	2	deep	205	611	26.9543	38.4164	39.3631	632	0	0
gb1_128	128	128	2	deep	230	352	24.4085	36.9463	38.2328	360	2048	0
gb1_256	256	256	2	deep	30	23595	47.1766	48.0834	49.6529	8627	0	0
gb1_256	256	256	2	deep	55	17809	43.1616	45.9443	47.3270	6768	0	1792
gb1_256	256	256	2	deep	80	14453	40.5378	44.9954	46.0619	6447	0	0
gb1_256	256	256	2	deep	105	11550	37.8237	43.9830	45.2035	5715	0	1280
gb1_256	256	256	2	deep	130	8639	34.8512	42.8013	43.9611	4803	0	0
gb1_256	256	256	2	deep	155	6009	31.8691	41.7536	42.6521	4074	0	0
gb1_256	256	256	2	deep	180	3828	28.8588	40.6453	41.0599	3009	0	0
gb1_256	256	256	2	deep	205	2196	26.2202	39.3734	39.6309	1932	0	0
gb1_256	256	256	2	deep	230	1168	23.8534	38.6453	38.7657	1430	0	3072
gb1_512	512	512	2	deep	30	82108	47.7754	48.6249	50.1419	31052	1280	0
gb1_512	512	512	2	deep	55	61093	43.6877	46.5960	47.8655	25639	0	0
gb1_512	512	512	2	deep	80	49636	41.1186	45.3794	46.6064	22696	1024	0
gb1_512	512	512	2	deep	105	39808	38.5284	44.3965	45.7619	20310	0	1280
gb1_512	512	512	2	deep	130	29703	35.6358	43.1466	44.5054	17390	0	0
gb1_512	512	512	2	deep	155	20375	32.6013	41.9160	43.1715	14520	0	0
gb1_512	512	512	2	deep	180	12873	29.5452	40.7477	41.7044	10536	0	1536
gb1_512	512	512	2	deep	205	7206	26.8274	39.3807	40.2510	7214	3584	0
gb1_512	512	512	2	deep	230	3944	24.6235	38.2275	38.9334	5343	2816	2816
gb2_128	128	128	2	deep	30	9654	46.1447	44.8943	47.5799	2807	0	0
gb2_128	128	128	2	deep	55	7402	41.5463	41.7283	44.6850	2395	0	0
gb2_128	128	128	2	deep	80	6120	38.6471	39.8874	43.3434	2151	0	0
gb2_128	128	128	2	deep	105	4848	35.9030	38.0204	42.0421	2002	0	0
gb2_128	128	128	2	deep	130	3576	32.8109	36.1143	40.6339	1825	0	0
gb2_128	128	128	2	deep	155	1998	27.8515	34.3431	39.3362	582	0	0
gb2_128	128	128	2	deep	180	1324	26.2937	32.8304	37.6676	280	0	0
gb2_128	128	128	2	deep	205	876	24.5931	31.0426	36.1900	221	0	0
gb2_128	128	128	2	deep	230	480	22.3985	29.2562	35.1253	176	0	0
gb2_256	256	256	2	deep	30	37430	46.1158	44.7162	47.7322	10386	0	0
gb2_256	256	256	2	deep	55	28886	41.7064	41.7799	45.1981	9234	0	0
gb2_256	256	256	2	deep	80	23618	38.8630	39.9727	43.4245	8573	0	0
gb2_256	256	256	2	deep	105	18722	36.0159	38.3075	42.1857	8592	0	0
gb2_256	256	256	2	deep	130	13744	33.0326	36.3004	40.8102	7144	0	0
gb2_256	256	256	2	deep	155	8162	28.5475	34.6672	39.3877	3523	0	0
gb2_256	256	256	2	deep	180	5100	26.3866	32.8971	37.8506	1046	0	0
gb2_256	256	256	2	deep	205	3229	24.6419	31.3615	36.5479	5489	0	0
gb2_256	256	256	2	deep	230	1771	22.5141	29.7252	35.3305	1791	0	0
gb2_512	512	512	2	deep	30	117024	47.0701	46.3831	48.7426	38562	0	0
gb2_512	512	512	2	deep	55	85118	42.7510	43.7845	46.3589	32801	0	0
gb2_512	512	512	2	deep	80	67571	40.1625	42.1586	44.7693	29314	0	0
gb2_512	512	512	2	deep	105	52474	37.6257	40.7896	43.8448	26548	0	0
gb2_512	512	512	2	deep	130	36751	34.7016	39.0649	42.4835	22646	0	0
gb2_512	512	512	2	deep	155	23916	31.8606	37.4823	41.0645	18066	0	0
gb2_512	512	512	2	deep	180	13930	28.9852	35.8773	39.7217	11379	0	0
gb2_512	512	512	2	deep	205	8118	26.9185	34.3654	38.4540	8604	0	0
gb2_512	512	512	2	deep	230	4299	24.8390	32.8738	37.1481	6354	3072	0
sc1_128	128	128	2	deep	30	118	99.0000	66.2610	63.1150	201	0	0
sc1_128	128	128	2	deep	55	82	71.5244	58.6673	61.3318	189	0	0
sc1_128	128	128	2	deep	80	75	66.2267	57.9807	61.3318	173	0	0
sc1_128	128	128	2	deep	105	76	63.7140	57.0944	61.3318	179	0	0
sc1_128	128	128	2	deep	130	70	59.6605	55.4463	61.3318	161	0	0
sc1_128	128	128	2	deep	155	68	56.6539	55.4463	61.3318	155	0	0
sc1_128	128	128	2	deep	180	70	53.9061	51.1031	61.3318	142	0	0
sc1_128	128	128	2	deep	205	66	52.9094	55.4463	61.3318	148	0	0
sc1_128	128	128	2	deep	230	66	44.2239	49.9007	53.8603	135	0	0
sc1_256	256	256	2	deep	30	1858	62.0062	60.1805	58.7797	1888	2048	0
sc1_256	256	256	2	deep	55	1491	57.7066	56.4029	57.2065	1723	0	0
sc1_256	256	256	2	deep	80	1313	55.1629	54.8918	55.7910	1543	0	0
sc1_256	256	256	2	deep	105	1154	51.8934	52.4596	54.1801	1315	0	0
sc1_256	256	256	2	deep	130	982	49.2050	51.8277	52.3870	1190	0	0
sc1_256	256	256	2	deep	155	812	45.3810	50.1627	50.3077	1156	2048	0
sc1_256	256	256	2	deep	180	628	41.4020	48.0478	48.2417	1029	2048	0
sc1_256	256	256	2	deep	205	476	37.2211	46.4086	46.4509	895	0	0
sc1_256	256	256	2	deep	230	320	33.4580	42.2508	42.6885	815	0	0
sc2_128	128	128	2	deep	30	1020	56.4172	60.3451	64.2112	807	0	0
sc2_128	128	128	2	deep	55	866	52.4110	59.0824	60.6941	725	0	0
sc2_128	128	128	2	deep	80	772	49.8038	57.3348	58.6553	688	0	0
sc2_128	128	128	2	deep	105	661	47.1683	54.6640	58.0013	600	0	0
sc2_128	128	128	2	deep	130	579	44.0274	55.1216	56.0131	553	0	0
sc2_128	128	128	2	deep	155	491	39.9473	52.0298	54.3822	443	0	0
sc2_128	128	128	2	deep	180	381	36.8861	48.8374	51.5897	414	0	0
sc2_128	128	128	2	deep	205	300	33.3695	46.7117	48.8913	369	0	0
sc2_128	128	128	2	deep	230	212	29.8945	43.4251	46.1126	263	1792	0
sc2_256	256	256	2	deep	30	2538	58.3542	62.5665	64.2544	2298	2048	0
sc2_256	256	256	2	deep	55	2097	53.8412	61.2550	63.2766	2175	0	0
sc2_256	256	256	2	deep	80	1852	51.2243	59.9852	61.6477	1883	2048	0
sc2_256	256	256	2	deep	105	1624	48.7691	58.0818	58.6763	1701	1536	0
sc2_256	256	256	2	deep	130	1383	45.6103	55.3196	57.2625	1601	1536	0
sc2_256	256	256	2	deep	155	1124	42.3510	52.7407	55.2249	1423	1280	0
sc2_256	256	256	2	deep	180	899	38.4368	50.9315	53.9758	1160	4096	0
sc2_256	256	256	2	deep	205	674	35.0451	47.9866	51.0519	969	2048	0
sc2_256	256	256	2	deep	230	484	31.5103	44.1405	47.4203	831	3072	0
sc2_512	512	512	2	deep	30	6514	60.0061	66.1884	68.6018	7220	0	0
sc2_512	512	512	2	deep	55	5420	55.8708	64.9730	67.2701	6833	4096	0
sc2_512	512	512	2	deep	80	4745	53.2010	62.1442	65.4606	6270	1280	2048
sc2_512	512	512	2	deep	105	4169	50.4741	61.1701	62.9270	5544	4864	0
sc2_512	512	512	2	deep	130	3444	47.5302	58.9524	61.7456	5239	7168	0
sc2_512	512	512	2	deep	155	2707	43.8665	56.0491	58.2284	4541	3328	0
sc2_512	512	512	2	deep	180	2146	40.6870	54.6092	56.7114	4091	1536	0
sc2_512	512	512	2	deep	205	1609	36.9888	51.0263	54.5512	3420	8960	0
sc2_512	512	512	2	deep	230	1141	33.4128	49.4746	51.4848	2744	3584	0
sc3_128	128	128	2	deep	30	92	99.0000	99.0000	99.0000	131	0	0
sc3_128	128	128	2	deep	55	80	99.0000	63.1823	66.1926	144	0	0
sc3_128	128	128	2	deep	80	74	65.2235	59.2029	66.0590	139	0	0
sc3_128	128	128	2	deep	105	85	63.1823	61.4214	63.1823	121	0	0
sc3_128	128	128	2	deep	130	75	59.2029	55.4922	57.1617	142	0	0
sc3_128	128	128	2	deep	155	74	54.4715	55.0532	57.1617	112	0	0
sc3_128	128	128	2	deep	180	66	51.3081	52.5842	54.3912	124	0	0
sc3_128	128	128	2	deep	205	68	48.1833	49.6125	51.7894	111	0	0
sc3_128	128	128	2	deep	230	66	45.6977	46.5643	51.1902	123	0	0
sc3_256	256	256	2	deep	30	2113	60.1015	66.5459	69.2029	2128	0	0
sc3_256	256	256	2	deep	55	1838	56.2045	61.5360	67.8695	2402	0	0
sc3_256	256	256	2	deep	80	1723	53.4358	61.9435	69.2029	1933	0	0
sc3_256	256	256	2	deep	105	1551	50.3918	60.9300	60.9757	1824	0	0
sc3_256	256	256	2	deep	130	1351	47.0134	57.5012	58.5490	1888	0	0
sc3_256	256	256	2	deep	155	1142	42.6896	53.3062	54.1833	1558	0	0
sc3_256	256	256	2	deep	180	927	38.8382	50.5944	51.2300	1448	0	0
sc3_256	256	256	2	deep	205	726	34.2683	46.9875	50.6065	1134	0	0
sc3_256	256	256	2	deep	230	537	30.2750	46.4016	49.9913	731	1280	0
sc3_512	512	512	2	deep	30	5867	62.1790	62.9551	61.6656	6503	4096	2048
sc3_512	512	512	2	deep	55	5007	58.1992	61.9340	58.5967	6065	2048	2048
sc3_512	512	512	2	deep	80	4546	55.6398	59.2029	56.6492	5845	0	2048
sc3_512	512	512	2	deep	105	4043	52.7209	57.7205	54.1202	5280	0	2048
sc3_512	512	512	2	deep	130	3485	49.0815	55.8050	51.9413	5239	2048	0
sc3_512	512	512	2	deep	155	2865	45.4069	54.0095	48.5229	4557	0	2048
sc3_512	512	512	2	deep	180	2313	41.4547	51.5749	45.6529	4156	1792	0
sc3_512	512	512	2	deep	205	1802	37.8118	47.3941	42.5911	3301	1280	2048
sc3_512	512	512	2	deep	230	1385	34.2363	45.2088	40.0531	2944	1792	0
