image	q	trellis	bytes	ypsnr	upsnr	vpsnr	enc_ms
cid_1025469	20	0	43321	51.138	51.436	52.029	21035
cid_1025469	20	1	41420	50.907	51.394	51.823	38829
cid_1025469	40	0	27925	48.302	50.217	51.095	18010
cid_1025469	40	1	26670	48.022	50.170	50.792	30193
cid_1025469	60	0	21031	46.481	49.363	50.510	15554
cid_1025469	60	1	20012	46.153	49.381	50.258	24671
cid_1025469	80	0	17102	45.200	48.758	50.015	14048
cid_1025469	80	1	16057	44.829	48.516	49.633	21986
cid_1025469	100	0	13472	43.771	48.068	49.503	12617
cid_1025469	100	1	12766	43.443	47.872	48.866	20082
cid_1025469	120	0	10423	42.014	47.149	48.837	11517
cid_1025469	120	1	10001	41.898	46.834	48.079	16888
cid_1025469	140	0	7347	40.003	46.131	47.838	9939
cid_1025469	140	1	7296	40.008	46.050	47.497	14601
cid_1044329	20	0	136616	50.529	49.076	50.850	32414
cid_1044329	20	1	135861	50.493	49.049	50.737	65990
cid_1044329	40	0	106941	46.628	46.462	48.085	28722
cid_1044329	40	1	105554	46.555	46.405	47.620	57983
cid_1044329	60	0	89391	43.972	44.814	46.237	26252
cid_1044329	60	1	87990	43.857	44.639	45.444	52051
cid_1044329	80	0	77750	42.044	43.693	44.995	26655
cid_1044329	80	1	76097	41.875	43.454	43.843	50308
cid_1044329	100	0	66246	39.971	42.627	43.794	23769
cid_1044329	100	1	64404	39.832	42.235	42.298	40840
cid_1044329	120	0	54640	37.748	41.246	42.392	21975
cid_1044329	120	1	53173	37.645	40.939	40.645	41626
cid_1044329	140	0	42705	35.149	39.871	40.716	20413
cid_1044329	140	1	41614	35.096	39.541	39.176	34926
cid_1189261	20	0	100079	49.873	48.755	50.818	23445
cid_1189261	20	1	98716	49.752	48.744	50.653	46125
cid_1189261	40	0	72018	46.527	46.413	48.518	19680
cid_1189261	40	1	70441	46.371	46.291	47.996	37815
cid_1189261	60	0	57483	44.328	44.793	46.841	17081
cid_1189261	60	1	55896	44.138	44.577	46.171	32083
cid_1189261	80	0	48633	42.717	43.612	45.899	16210
cid_1189261	80	1	46913	42.518	43.346	44.928	29052
cid_1189261	100	0	40646	41.038	42.436	44.834	15430
cid_1189261	100	1	39142	40.852	42.060	43.733	25803
cid_1189261	120	0	32733	39.156	41.058	43.668	13818
cid_1189261	120	1	31912	39.069	40.732	42.303	22553
cid_1189261	140	0	25183	36.955	39.668	42.293	11504
cid_1189261	140	1	24554	36.918	39.262	40.964	19034
cid_1279330	20	0	55949	50.827	50.420	52.152	14599
cid_1279330	20	1	54571	50.711	50.393	51.929	26466
cid_1279330	40	0	38249	48.200	48.407	50.106	11292
cid_1279330	40	1	37250	48.057	48.270	49.640	19734
cid_1279330	60	0	30355	46.480	47.009	48.796	9949
cid_1279330	60	1	29397	46.318	46.799	48.236	17225
cid_1279330	80	0	25461	45.155	46.079	47.979	9329
cid_1279330	80	1	24498	44.917	45.855	46.983	15908
cid_1279330	100	0	21242	43.688	45.082	46.948	8704
cid_1279330	100	1	20484	43.462	44.675	45.751	14071
cid_1279330	120	0	17313	42.001	43.831	45.849	8826
cid_1279330	120	1	16696	41.925	43.556	44.421	13320
cid_1279330	140	0	13496	40.019	42.414	44.520	7406
cid_1279330	140	1	13172	39.970	42.112	42.915	10442
cid_1418519	20	0	32195	52.451	51.910	52.997	10698
cid_1418519	20	1	31461	52.353	51.921	52.836	19092
cid_1418519	40	0	22228	50.170	50.464	51.464	8057
cid_1418519	40	1	21549	50.018	50.383	51.138	14109
cid_1418519	60	0	17451	48.517	49.437	50.446	7861
cid_1418519	60	1	16918	48.386	49.302	49.953	12698
cid_1418519	80	0	14607	47.129	48.712	49.735	7493
cid_1418519	80	1	14062	46.988	48.638	48.999	11627
cid_1418519	100	0	12110	45.669	48.060	48.938	6876
cid_1418519	100	1	11720	45.543	47.793	47.902	10994
cid_1418519	120	0	9884	43.990	47.056	48.005	6095
cid_1418519	120	1	9572	43.931	46.928	46.800	8797
cid_1418519	140	0	7576	41.799	46.148	46.777	5109
cid_1418519	140	1	7407	41.796	45.869	45.579	7616
cid_1420710	20	0	176752	49.883	47.463	50.089	25082
cid_1420710	20	1	176533	49.894	47.455	49.958	51792
cid_1420710	40	0	138003	45.642	44.649	47.406	23603
cid_1420710	40	1	136720	45.632	44.537	46.807	48515
cid_1420710	60	0	114454	42.722	43.005	45.701	22232
cid_1420710	60	1	113216	42.646	42.758	44.979	43053
cid_1420710	80	0	98871	40.528	41.984	44.707	19995
cid_1420710	80	1	97235	40.420	41.648	43.767	40195
cid_1420710	100	0	83243	38.284	40.982	43.650	19686
cid_1420710	100	1	82133	38.139	40.577	42.656	33603
cid_1420710	120	0	66915	35.833	40.002	42.577	19175
cid_1420710	120	1	66079	35.799	39.697	41.872	30892
cid_1420710	140	0	50166	33.190	39.074	41.627	13886
cid_1420710	140	1	49937	33.152	38.825	40.928	24989
cid_1475938	20	0	44834	52.132	51.788	53.219	16695
cid_1475938	20	1	43873	51.973	51.719	53.089	30749
cid_1475938	40	0	31562	49.157	50.253	51.606	13330
cid_1475938	40	1	30597	48.947	50.101	51.271	22910
cid_1475938	60	0	24915	47.110	49.184	50.528	10706
cid_1475938	60	1	24133	46.894	49.109	50.154	20729
cid_1475938	80	0	20913	45.584	48.419	49.803	10510
cid_1475938	80	1	20402	45.403	48.167	49.388	18170
cid_1475938	100	0	17429	43.980	47.583	49.076	9428
cid_1475938	100	1	16952	43.788	47.370	48.380	15685
cid_1475938	120	0	13999	42.062	46.713	48.138	8119
cid_1475938	120	1	13700	41.956	46.656	47.319	13771
cid_1475938	140	0	10695	39.871	45.776	47.174	8064
cid_1475938	140	1	10564	39.866	45.675	46.371	12215
cid_1531677	20	0	150302	49.916	48.902	50.628	22660
cid_1531677	20	1	149882	49.923	48.943	50.510	48445
cid_1531677	40	0	115993	45.673	47.142	48.452	19959
cid_1531677	40	1	115184	45.648	47.087	47.912	40548
cid_1531677	60	0	95672	42.782	46.077	47.054	17879
cid_1531677	60	1	94616	42.701	46.008	46.314	35756
cid_1531677	80	0	82011	40.698	45.511	46.191	16780
cid_1531677	80	1	80805	40.572	45.376	45.375	32929
cid_1531677	100	0	68458	38.479	44.810	45.268	14908
cid_1531677	100	1	67385	38.382	44.701	44.487	29842
cid_1531677	120	0	54648	36.166	44.216	44.390	12572
cid_1531677	120	1	53912	36.125	44.025	43.654	25762
cid_1531677	140	0	40223	33.598	43.364	43.417	12659
cid_1531677	140	1	40047	33.571	43.361	43.008	22542
cid_1544947	20	0	50161	50.838	52.589	53.383	21135
cid_1544947	20	1	48632	50.664	52.682	53.253	39791
cid_1544947	40	0	31661	47.599	51.158	52.246	17215
cid_1544947	40	1	30428	47.363	51.091	52.044	30934
cid_1544947	60	0	23491	45.737	50.412	51.515	15752
cid_1544947	60	1	22292	45.422	50.256	51.299	26463
cid_1544947	80	0	18890	44.414	49.646	50.936	14370
cid_1544947	80	1	17814	44.092	49.569	50.756	23154
cid_1544947	100	0	14912	43.018	49.121	50.455	12889
cid_1544947	100	1	14170	42.779	48.903	50.246	21091
cid_1544947	120	0	11452	41.534	48.237	49.699	11460
cid_1544947	120	1	11177	41.403	48.070	49.573	17874
cid_1544947	140	0	8482	39.750	47.257	48.990	9981
cid_1544947	140	1	8320	39.641	47.130	48.790	15725
cid_159550	20	0	57868	50.486	51.466	52.713	20241
cid_159550	20	1	56041	50.309	51.474	52.536	39435
cid_159550	40	0	39834	47.915	49.403	51.082	17893
cid_159550	40	1	39146	47.790	49.394	50.820	32874
cid_159550	60	0	31764	46.147	48.250	50.136	16135
cid_159550	60	1	31064	45.976	48.100	49.718	29868
cid_159550	80	0	26902	44.689	47.400	49.347	15134
cid_159550	80	1	26234	44.506	47.201	48.814	25676
cid_159550	100	0	22623	43.176	46.508	48.562	13474
cid_159550	100	1	22031	42.966	46.176	47.927	22837
cid_159550	120	0	18273	41.354	45.316	47.620	13185
cid_159550	120	1	17910	41.246	45.077	46.927	21158
cid_159550	140	0	14104	39.243	44.129	46.607	11865
cid_159550	140	1	13985	39.206	44.006	45.789	17443
cid_1624487	20	0	84140	50.742	49.016	51.094	14046
cid_1624487	20	1	83062	50.659	49.016	50.959	27317
cid_1624487	40	0	62047	47.650	46.663	48.803	11921
cid_1624487	40	1	60783	47.541	46.575	48.361	21377
cid_1624487	60	0	50444	45.489	45.015	47.116	10472
cid_1624487	60	1	49102	45.337	44.864	46.481	18798
cid_1624487	80	0	42979	43.787	43.947	46.108	9445
cid_1624487	80	1	41592	43.646	43.702	45.063	16734
cid_1624487	100	0	36238	42.056	42.781	44.909	8760
cid_1624487	100	1	34909	41.898	42.427	43.656	14888
cid_1624487	120	0	29734	40.183	41.509	43.740	8184
cid_1624487	120	1	28711	40.094	41.229	42.029	13703
cid_1624487	140	0	23024	37.851	40.219	42.168	7632
cid_1624487	140	1	22394	37.796	39.897	40.441	9574
cid_162520	20	0	103704	50.022	48.937	51.052	19693
cid_162520	20	1	102445	49.935	48.988	50.916	40745
cid_162520	40	0	74423	46.470	46.636	48.766	16575
cid_162520	40	1	72616	46.309	46.523	48.287	31151
cid_162520	60	0	59427	44.168	45.030	47.230	14824
cid_162520	60	1	57707	44.030	44.803	46.463	27509
cid_162520	80	0	50151	42.460	44.031	46.229	13410
cid_162520	80	1	48453	42.288	43.703	45.127	24807
cid_162520	100	0	41639	40.668	43.002	45.251	12998
cid_162520	100	1	40217	40.501	42.462	44.047	21263
cid_162520	120	0	33514	38.651	41.939	44.247	11749
cid_162520	120	1	32447	38.546	41.539	43.030	19820
cid_162520	140	0	25209	36.282	40.897	43.091	10655
cid_162520	140	1	24813	36.269	40.577	42.259	17761
cid_164595	20	0	71180	50.980	51.531	52.808	22242
cid_164595	20	1	69741	50.767	51.492	52.644	40697
cid_164595	40	0	52664	47.990	49.419	50.749	17184
cid_164595	40	1	51755	47.816	49.298	50.333	33272
cid_164595	60	0	43616	45.961	47.976	49.402	16474
cid_164595	60	1	42636	45.762	47.882	48.747	28844
cid_164595	80	0	37824	44.428	47.042	48.390	15611
cid_164595	80	1	36803	44.211	46.647	47.321	25180
cid_164595	100	0	32640	42.719	45.971	47.353	13583
cid_164595	100	1	31654	42.545	45.332	45.933	23269
cid_164595	120	0	27297	40.694	44.982	46.037	12960
cid_164595	120	1	26521	40.649	44.481	43.856	20276
cid_164595	140	0	22062	38.262	43.818	44.489	11588
cid_164595	140	1	21331	38.213	43.317	42.031	18539
cid_2079234	20	0	67751	50.432	50.736	51.478	17087
cid_2079234	20	1	66072	50.248	50.681	51.196	33499
cid_2079234	40	0	47605	47.489	48.963	49.695	15344
cid_2079234	40	1	46412	47.318	48.854	49.145	27716
cid_2079234	60	0	38423	45.523	47.962	48.550	13526
cid_2079234	60	1	37257	45.265	47.762	47.714	23622
cid_2079234	80	0	32584	44.028	47.092	47.753	12552
cid_2079234	80	1	31130	43.721	46.808	46.732	23010
cid_2079234	100	0	27155	42.383	46.330	46.989	11274
cid_2079234	100	1	26010	42.098	46.065	45.868	19251
cid_2079234	120	0	22257	40.464	45.484	46.029	10386
cid_2079234	120	1	21423	40.303	45.254	44.661	17249
cid_2079234	140	0	17102	38.211	44.427	44.796	9423
cid_2079234	140	1	16852	38.123	44.177	43.689	14792
cid_2190188	20	0	89629	49.999	49.832	52.018	23640
cid_2190188	20	1	87790	49.805	49.827	51.866	49654
cid_2190188	40	0	60300	46.409	47.649	50.029	21046
cid_2190188	40	1	58525	46.184	47.587	49.697	38528
cid_2190188	60	0	47201	44.476	46.236	48.760	19646
cid_2190188	60	1	45971	44.272	46.087	48.282	33493
cid_2190188	80	0	39769	43.037	45.174	47.817	17342
cid_2190188	80	1	38605	42.853	45.001	47.184	31015
cid_2190188	100	0	33175	41.526	44.039	46.921	15637
cid_2190188	100	1	32447	41.386	43.748	46.128	27633
cid_2190188	120	0	27108	39.771	42.745	45.868	14504
cid_2190188	120	1	26491	39.696	42.473	44.761	23701
cid_2190188	140	0	20892	37.683	41.373	44.518	13314
cid_2190188	140	1	20799	37.687	41.125	43.526	19930
cid_225228	20	0	68079	50.202	50.448	52.090	18959
cid_225228	20	1	65740	49.984	50.411	52.008	37052
cid_225228	40	0	44760	47.268	48.458	50.101	16210
cid_225228	40	1	43286	47.084	48.386	49.685	27783
cid_225228	60	0	34813	45.556	47.142	48.702	14352
cid_225228	60	1	33794	45.398	46.950	48.104	24664
cid_225228	80	0	29149	44.240	46.198	47.771	13413
cid_225228	80	1	28048	44.001	45.927	46.856	21354
cid_225228	100	0	23997	42.775	45.072	46.676	12019
cid_225228	100	1	23234	42.611	44.811	45.479	19275
cid_225228	120	0	19273	41.046	43.954	45.412	10672
cid_225228	120	1	18748	40.994	43.565	43.976	16792
cid_225228	140	0	14770	39.072	42.671	43.978	9288
cid_225228	140	1	14499	39.047	42.243	42.229	13464
cid_2253934	20	0	68416	50.945	51.054	52.049	21995
cid_2253934	20	1	67351	50.809	51.034	51.877	40283
cid_2253934	40	0	47746	47.369	49.457	50.306	18419
cid_2253934	40	1	46482	47.204	49.346	49.862	33002
cid_2253934	60	0	36940	45.048	48.203	48.880	16568
cid_2253934	60	1	35820	44.859	48.110	48.368	27962
cid_2253934	80	0	30274	43.365	47.399	48.075	14732
cid_2253934	80	1	29106	43.099	47.306	47.516	25543
cid_2253934	100	0	24238	41.642	46.494	47.253	13002
cid_2253934	100	1	23303	41.374	46.434	46.640	23510
cid_2253934	120	0	18585	39.771	45.608	46.287	12486
cid_2253934	120	1	18165	39.652	45.400	45.718	18226
cid_2253934	140	0	13300	37.674	44.498	45.030	10098
cid_2253934	140	1	13170	37.662	44.419	44.658	16482
cid_2389166	20	0	90530	51.201	49.371	51.495	18802
cid_2389166	20	1	89940	51.152	49.364	51.396	38301
cid_2389166	40	0	67810	47.576	46.841	49.036	17143
cid_2389166	40	1	66805	47.457	46.726	48.598	31927
cid_2389166	60	0	54668	45.093	45.100	47.306	14410
cid_2389166	60	1	53671	44.950	44.850	46.659	28993
cid_2389166	80	0	46283	43.211	44.007	46.212	15253
cid_2389166	80	1	45042	43.034	43.719	45.298	26218
cid_2389166	100	0	38261	41.293	42.832	45.125	13678
cid_2389166	100	1	37206	41.142	42.463	43.905	22959
cid_2389166	120	0	30622	39.252	41.616	43.929	10005
cid_2389166	120	1	29782	39.157	41.233	42.538	19837
cid_2389166	140	0	22726	36.777	40.277	42.560	6759
cid_2389166	140	1	22160	36.749	39.994	41.345	13651
cid_2670327	20	0	79099	50.138	49.524	51.494	23164
cid_2670327	20	1	77166	49.949	49.523	51.349	46804
cid_2670327	40	0	52696	46.817	47.447	49.441	20739
cid_2670327	40	1	51367	46.622	47.295	48.997	38072
cid_2670327	60	0	40885	44.868	46.034	48.090	17371
cid_2670327	60	1	39523	44.632	45.886	47.439	32450
cid_2670327	80	0	33987	43.409	45.094	47.094	17940
cid_2670327	80	1	32664	43.160	44.800	46.293	31608
cid_2670327	100	0	27755	41.904	44.092	46.168	16313
cid_2670327	100	1	26737	41.696	43.704	45.156	25600
cid_2670327	120	0	21987	40.148	42.901	45.112	13666
cid_2670327	120	1	21347	40.038	42.565	44.045	20762
cid_2670327	140	0	16582	38.124	41.627	43.704	13559
cid_2670327	140	1	16304	38.088	41.463	42.762	18024
cid_2736139	20	0	93565	50.839	49.869	51.525	29611
cid_2736139	20	1	92531	50.710	49.829	51.398	56547
cid_2736139	40	0	69420	47.204	47.604	49.261	25029
cid_2736139	40	1	68246	47.029	47.598	48.795	50178
cid_2736139	60	0	56258	44.786	46.151	47.710	19836
cid_2736139	60	1	54974	44.588	46.065	47.145	47060
cid_2736139	80	0	47901	43.055	45.237	46.773	24799
cid_2736139	80	1	46983	42.785	44.986	45.937	41317
cid_2736139	100	0	40070	41.142	44.133	45.803	19523
cid_2736139	100	1	39235	40.935	43.875	44.822	36529
cid_2736139	120	0	32638	39.119	43.057	44.577	20016
cid_2736139	120	1	32069	39.034	42.723	43.462	32206
cid_2736139	140	0	25128	36.777	41.932	43.308	16065
cid_2736139	140	1	24856	36.732	41.645	42.367	23579
cid_2775196	20	0	75758	50.885	50.323	51.200	17772
cid_2775196	20	1	74476	50.771	50.322	50.910	28673
cid_2775196	40	0	54139	47.442	48.634	48.986	12927
cid_2775196	40	1	52541	47.291	48.482	48.170	20373
cid_2775196	60	0	42668	45.080	47.394	47.399	11332
cid_2775196	60	1	41132	44.889	47.266	46.379	22137
cid_2775196	80	0	35456	43.292	46.732	46.410	9792
cid_2775196	80	1	33585	43.063	46.516	45.201	17412
cid_2775196	100	0	28720	41.452	45.878	45.307	9837
cid_2775196	100	1	27172	41.219	45.660	44.105	16566
cid_2775196	120	0	22242	39.480	45.094	44.121	8976
cid_2775196	120	1	21342	39.372	44.973	43.047	14383
cid_2775196	140	0	15983	37.272	43.880	42.559	8134
cid_2775196	140	1	15635	37.256	43.901	41.859	13507
cid_2887497	20	0	48999	51.876	52.657	53.364	10165
cid_2887497	20	1	47987	51.742	52.624	53.051	18202
cid_2887497	40	0	33911	48.546	51.278	51.892	7387
cid_2887497	40	1	32925	48.370	51.157	51.436	12919
cid_2887497	60	0	26609	46.419	50.404	50.985	7010
cid_2887497	60	1	25522	46.152	50.168	50.306	11099
cid_2887497	80	0	22010	44.739	49.805	50.458	5987
cid_2887497	80	1	20810	44.437	49.466	49.599	8195
cid_2887497	100	0	17924	43.089	49.071	49.910	5596
cid_2887497	100	1	16998	42.803	48.749	49.288	8577
cid_2887497	120	0	13858	41.230	48.289	49.195	4989
cid_2887497	120	1	13380	41.064	48.030	48.721	6841
cid_2887497	140	0	10227	39.124	47.605	48.695	4715
cid_2887497	140	1	10090	39.085	47.556	48.252	6203
cid_2936831	20	0	65594	50.720	50.782	52.266	16321
cid_2936831	20	1	64616	50.619	50.783	52.093	27602
cid_2936831	40	0	46287	47.597	48.821	50.059	12892
cid_2936831	40	1	44982	47.478	48.761	49.396	24528
cid_2936831	60	0	36422	45.493	47.455	48.481	12562
cid_2936831	60	1	34789	45.237	47.169	47.511	21855
cid_2936831	80	0	29934	43.775	46.603	47.622	11737
cid_2936831	80	1	28284	43.532	46.301	46.144	19681
cid_2936831	100	0	24181	42.029	45.617	46.630	9980
cid_2936831	100	1	22690	41.795	45.226	44.979	16431
cid_2936831	120	0	18639	40.088	44.594	45.623	9697
cid_2936831	120	1	17548	39.985	44.345	43.763	14833
cid_2936831	140	0	13217	37.895	43.536	44.491	7425
cid_2936831	140	1	12813	37.868	43.345	43.177	14721
cid_297394	20	0	114777	50.401	49.329	51.480	29905
cid_297394	20	1	114239	50.317	49.364	51.407	57794
cid_297394	40	0	86484	46.628	46.864	48.964	24786
cid_297394	40	1	85370	46.453	46.831	48.696	51028
cid_297394	60	0	70745	44.139	45.202	47.217	20337
cid_297394	60	1	69521	43.950	45.080	46.691	40465
cid_297394	80	0	60644	42.392	43.985	45.996	20106
cid_297394	80	1	59061	42.186	43.786	45.216	37408
cid_297394	100	0	51246	40.594	42.771	44.674	19080
cid_297394	100	1	49870	40.383	42.465	43.587	33896
cid_297394	120	0	42185	38.626	41.376	43.171	16490
cid_297394	120	1	40984	38.502	41.135	41.813	26560
cid_297394	140	0	32489	36.142	39.881	41.314	14186
cid_297394	140	1	31979	36.160	39.452	39.463	18738
im26_art-institute-of-chicago-photos_aic1	20	0	177792	50.009	54.458	54.926	50211
im26_art-institute-of-chicago-photos_aic1	20	1	175961	49.970	54.478	54.768	89348
im26_art-institute-of-chicago-photos_aic1	40	0	111174	46.555	52.929	53.468	33184
im26_art-institute-of-chicago-photos_aic1	40	1	106992	46.384	52.878	53.156	48317
im26_art-institute-of-chicago-photos_aic1	60	0	71210	44.026	51.926	52.483	17282
im26_art-institute-of-chicago-photos_aic1	60	1	67757	43.873	51.797	52.110	28606
im26_art-institute-of-chicago-photos_aic1	80	0	51165	42.660	51.296	51.731	13295
im26_art-institute-of-chicago-photos_aic1	80	1	46887	42.377	51.251	51.425	23523
im26_art-institute-of-chicago-photos_aic1	100	0	36795	41.559	50.658	51.207	12215
im26_art-institute-of-chicago-photos_aic1	100	1	33502	41.292	50.555	50.779	19441
im26_art-institute-of-chicago-photos_aic1	120	0	25408	40.413	49.799	50.347	10932
im26_art-institute-of-chicago-photos_aic1	120	1	24270	40.317	49.771	49.925	17196
im26_art-institute-of-chicago-photos_aic1	140	0	16875	39.210	48.784	49.410	9614
im26_art-institute-of-chicago-photos_aic1	140	1	16541	39.168	48.661	48.953	14130
im26_art-institute-of-chicago-photos_aic	20	0	131017	50.241	53.443	55.719	43671
im26_art-institute-of-chicago-photos_aic	20	1	127035	50.013	53.440	55.559	78162
im26_art-institute-of-chicago-photos_aic	40	0	72987	46.373	51.634	53.935	25294
im26_art-institute-of-chicago-photos_aic	40	1	67958	46.074	51.509	53.558	44991
im26_art-institute-of-chicago-photos_aic	60	0	48216	44.503	50.337	52.693	19442
im26_art-institute-of-chicago-photos_aic	60	1	44469	44.236	50.260	52.358	25674
im26_art-institute-of-chicago-photos_aic	80	0	36350	43.387	49.591	51.953	13991
im26_art-institute-of-chicago-photos_aic	80	1	34172	43.188	49.385	51.465	21127
im26_art-institute-of-chicago-photos_aic	100	0	27786	42.338	48.721	51.139	11126
im26_art-institute-of-chicago-photos_aic	100	1	26596	42.192	48.500	50.647	17206
im26_art-institute-of-chicago-photos_aic	120	0	20742	41.120	47.747	50.216	9623
im26_art-institute-of-chicago-photos_aic	120	1	20221	41.049	47.613	49.825	14059
im26_art-institute-of-chicago-photos_aic	140	0	14382	39.590	46.848	49.340	8089
im26_art-institute-of-chicago-photos_aic	140	1	14225	39.589	46.660	48.924	11970
im26_lilith-food_food1	20	0	215277	50.578	51.629	54.063	65335
im26_lilith-food_food1	20	1	211200	50.436	51.596	53.905	127057
im26_lilith-food_food1	40	0	150778	47.231	49.708	52.538	47759
im26_lilith-food_food1	40	1	147591	47.054	49.587	52.253	72894
im26_lilith-food_food1	60	0	118949	45.066	48.630	51.523	26715
im26_lilith-food_food1	60	1	115765	44.860	48.423	51.191	46131
im26_lilith-food_food1	80	0	99292	43.448	47.792	50.894	22284
im26_lilith-food_food1	80	1	96324	43.228	47.542	50.556	39226
im26_lilith-food_food1	100	0	81719	41.765	46.942	50.222	20600
im26_lilith-food_food1	100	1	79678	41.554	46.694	49.815	34593
im26_lilith-food_food1	120	0	64876	39.893	46.053	49.398	19509
im26_lilith-food_food1	120	1	63888	39.782	45.847	49.043	30724
im26_lilith-food_food1	140	0	48423	37.616	44.995	48.525	16049
im26_lilith-food_food1	140	1	48133	37.622	44.896	48.223	26825
im26_lilith-food_food	20	0	218554	50.248	50.523	52.202	62557
im26_lilith-food_food	20	1	214618	50.135	50.483	51.974	116528
im26_lilith-food_food	40	0	143871	46.752	48.584	50.102	52739
im26_lilith-food_food	40	1	139262	46.548	48.500	49.620	87090
im26_lilith-food_food	60	0	108254	44.651	47.499	48.937	32527
im26_lilith-food_food	60	1	103281	44.392	47.360	48.372	45791
im26_lilith-food_food	80	0	86600	43.112	46.771	48.233	22143
im26_lilith-food_food	80	1	82244	42.814	46.563	47.540	35269
im26_lilith-food_food	100	0	68454	41.568	46.066	47.455	19527
im26_lilith-food_food	100	1	65243	41.335	45.782	46.707	30928
im26_lilith-food_food	120	0	52022	39.906	45.091	46.569	16419
im26_lilith-food_food	120	1	50173	39.781	44.945	45.775	26112
im26_lilith-food_food	140	0	37005	37.992	44.142	45.588	14668
im26_lilith-food_food	140	1	36333	37.947	43.923	44.851	22184
im26_lilith-interiors_interiors1	20	0	298246	50.083	51.207	53.501	75391
im26_lilith-interiors_interiors1	20	1	293744	49.921	51.192	53.315	149754
im26_lilith-interiors_interiors1	40	0	219348	46.457	49.150	51.573	62163
im26_lilith-interiors_interiors1	40	1	215163	46.267	49.030	51.113	88972
im26_lilith-interiors_interiors1	60	0	179433	44.142	47.858	50.353	43290
im26_lilith-interiors_interiors1	60	1	176250	43.972	47.635	49.830	56698
im26_lilith-interiors_interiors1	80	0	154380	42.423	46.909	49.524	26598
im26_lilith-interiors_interiors1	80	1	151070	42.245	46.713	48.935	48395
im26_lilith-interiors_interiors1	100	0	131251	40.617	46.012	48.622	24560
im26_lilith-interiors_interiors1	100	1	129236	40.456	45.590	48.111	44383
im26_lilith-interiors_interiors1	120	0	109115	38.544	44.993	47.817	22343
im26_lilith-interiors_interiors1	120	1	107285	38.445	44.707	47.390	40821
im26_lilith-interiors_interiors1	140	0	85553	36.087	43.872	46.880	19864
im26_lilith-interiors_interiors1	140	1	85308	36.048	43.540	46.668	33814
im26_lilith-interiors_interiors	20	0	446061	49.924	48.894	51.322	91577
im26_lilith-interiors_interiors	20	1	444691	49.843	48.842	51.168	178228
im26_lilith-interiors_interiors	40	0	344296	45.920	46.445	49.213	73371
im26_lilith-interiors_interiors	40	1	340917	45.811	46.343	48.741	110076
im26_lilith-interiors_interiors	60	0	286977	43.201	44.855	47.692	38553
im26_lilith-interiors_interiors	60	1	282942	43.058	44.678	47.043	68764
im26_lilith-interiors_interiors	80	0	249370	41.243	43.801	46.809	32932
im26_lilith-interiors_interiors	80	1	244567	41.057	43.531	45.964	63901
im26_lilith-interiors_interiors	100	0	212461	39.188	42.673	45.978	31013
im26_lilith-interiors_interiors	100	1	208402	39.030	42.273	45.100	57822
im26_lilith-interiors_interiors	120	0	175705	36.948	41.482	45.010	28273
im26_lilith-interiors_interiors	120	1	173112	36.867	41.063	44.201	53025
im26_lilith-interiors_interiors	140	0	137838	34.360	40.172	44.050	25849
im26_lilith-interiors_interiors	140	1	136565	34.334	39.841	43.434	46852
im26_lilith-nature_nature1	20	0	147523	49.852	51.464	52.796	36154
im26_lilith-nature_nature1	20	1	144601	49.783	51.416	52.564	69210
im26_lilith-nature_nature1	40	0	97348	47.663	50.091	51.345	30812
im26_lilith-nature_nature1	40	1	92165	47.426	50.003	50.923	50879
im26_lilith-nature_nature1	60	0	75220	46.093	49.160	50.346	25268
im26_lilith-nature_nature1	60	1	72892	45.932	49.094	49.928	41062
im26_lilith-nature_nature1	80	0	63427	44.865	48.613	49.801	18978
im26_lilith-nature_nature1	80	1	62021	44.701	48.439	49.387	33932
im26_lilith-nature_nature1	100	0	53178	43.397	47.972	49.336	17738
im26_lilith-nature_nature1	100	1	52068	43.280	47.822	48.906	25146
im26_lilith-nature_nature1	120	0	43018	41.634	47.282	48.622	11531
im26_lilith-nature_nature1	120	1	42676	41.604	47.121	48.282	17460
im26_lilith-nature_nature1	140	0	32982	39.437	46.308	47.807	8896
im26_lilith-nature_nature1	140	1	32815	39.435	46.275	47.572	13496
im26_lilith-nature_nature	20	0	189913	49.829	52.673	53.394	47304
im26_lilith-nature_nature	20	1	185908	49.690	52.635	53.121	89596
im26_lilith-nature_nature	40	0	131639	47.026	51.423	52.067	40650
im26_lilith-nature_nature	40	1	128500	46.872	51.325	51.736	73530
im26_lilith-nature_nature	60	0	103204	45.016	50.620	51.277	35579
im26_lilith-nature_nature	60	1	100516	44.836	50.572	50.949	55162
im26_lilith-nature_nature	80	0	85000	43.398	49.992	50.755	23339
im26_lilith-nature_nature	80	1	82198	43.144	49.978	50.342	32639
im26_lilith-nature_nature	100	0	68487	41.726	49.529	50.154	16760
im26_lilith-nature_nature	100	1	66140	41.493	49.487	49.879	26195
im26_lilith-nature_nature	120	0	52435	39.843	48.890	49.508	13826
im26_lilith-nature_nature	120	1	51133	39.718	48.885	49.333	22683
im26_lilith-nature_nature	140	0	36634	37.569	48.252	48.897	11139
im26_lilith-nature_nature	140	1	36307	37.541	48.217	48.736	17191
im26_lilith-photos-general_general1	20	0	508266	49.909	49.016	51.066	75620
im26_lilith-photos-general_general1	20	1	506319	49.945	49.020	50.899	162454
im26_lilith-photos-general_general1	40	0	406000	45.739	47.281	49.190	67707
im26_lilith-photos-general_general1	40	1	403473	45.737	47.080	48.564	116088
im26_lilith-photos-general_general1	60	0	345856	42.811	46.098	47.803	39901
im26_lilith-photos-general_general1	60	1	343703	42.741	45.982	47.274	63159
im26_lilith-photos-general_general1	80	0	304168	40.662	45.509	47.113	29738
im26_lilith-photos-general_general1	80	1	302016	40.591	45.310	46.601	60950
im26_lilith-photos-general_general1	100	0	262302	38.364	44.801	46.449	28613
im26_lilith-photos-general_general1	100	1	260587	38.312	44.628	46.030	55862
im26_lilith-photos-general_general1	120	0	217469	35.873	44.076	45.669	26296
im26_lilith-photos-general_general1	120	1	216242	35.853	43.945	45.309	50597
im26_lilith-photos-general_general1	140	0	167402	32.993	43.201	44.754	22733
im26_lilith-photos-general_general1	140	1	166905	32.983	43.175	44.540	42462
im26_lilith-photos-general_general	20	0	320553	49.888	50.540	51.733	71909
im26_lilith-photos-general_general	20	1	315397	49.777	50.489	51.521	155558
im26_lilith-photos-general_general	40	0	228781	45.887	48.779	50.019	61266
im26_lilith-photos-general_general	40	1	222690	45.668	48.660	49.472	101839
im26_lilith-photos-general_general	60	0	183395	43.593	47.638	48.778	34488
im26_lilith-photos-general_general	60	1	178214	43.369	47.476	48.249	58351
im26_lilith-photos-general_general	80	0	155973	41.940	46.966	48.056	25488
im26_lilith-photos-general_general	80	1	151515	41.691	46.707	47.417	44172
im26_lilith-photos-general_general	100	0	130838	40.137	46.212	47.343	22207
im26_lilith-photos-general_general	100	1	128401	39.992	46.046	46.704	39748
im26_lilith-photos-general_general	120	0	106928	38.139	45.419	46.505	20323
im26_lilith-photos-general_general	120	1	105352	38.065	45.230	45.668	35403
im26_lilith-photos-general_general	140	0	81524	35.643	44.484	45.337	18980
im26_lilith-photos-general_general	140	1	80967	35.627	44.399	44.459	29863
im26_unsplash-people_people1	20	0	125016	50.543	52.429	53.068	38869
im26_unsplash-people_people1	20	1	120622	50.365	52.426	52.884	79498
im26_unsplash-people_people1	40	0	77780	47.811	50.822	51.525	31275
im26_unsplash-people_people1	40	1	74722	47.628	50.722	51.091	50828
im26_unsplash-people_people1	60	0	59008	46.238	49.779	50.443	27457
im26_unsplash-people_people1	60	1	56658	46.065	49.685	49.892	32740
im26_unsplash-people_people1	80	0	48454	45.039	49.110	49.673	20021
im26_unsplash-people_people1	80	1	46462	44.833	48.946	49.024	24008
im26_unsplash-people_people1	100	0	39422	43.707	48.307	48.989	12203
im26_unsplash-people_people1	100	1	37965	43.535	48.024	48.127	18827
im26_unsplash-people_people1	120	0	31109	42.179	47.372	47.963	10548
im26_unsplash-people_people1	120	1	30304	42.098	47.177	47.104	16066
im26_unsplash-people_people1	140	0	23088	40.266	46.359	46.922	9748
im26_unsplash-people_people1	140	1	22897	40.254	46.211	46.088	13691
im26_unsplash-people_people	20	0	148961	49.860	51.883	52.666	43972
im26_unsplash-people_people	20	1	144049	49.708	51.874	52.531	80038
im26_unsplash-people_people	40	0	96891	47.273	50.265	50.866	32192
im26_unsplash-people_people	40	1	93371	47.105	50.197	50.382	56083
im26_unsplash-people_people	60	0	73529	45.490	49.283	49.546	24946
im26_unsplash-people_people	60	1	70790	45.312	49.167	48.902	38667
im26_unsplash-people_people	80	0	59925	44.115	48.570	48.789	18065
im26_unsplash-people_people	80	1	57273	43.883	48.390	47.969	28795
im26_unsplash-people_people	100	0	47864	42.625	47.870	48.009	14858
im26_unsplash-people_people	100	1	45817	42.426	47.622	47.012	20751
im26_unsplash-people_people	120	0	36497	40.921	47.011	47.005	11044
im26_unsplash-people_people	120	1	35609	40.870	46.888	46.052	17404
im26_unsplash-people_people	140	0	26375	39.005	46.142	45.881	9652
im26_unsplash-people_people	140	1	25915	38.995	46.142	45.154	14267
im26_unsplash-textures_textures1	20	0	509997	49.997	47.264	49.904	62072
im26_unsplash-textures_textures1	20	1	509366	49.989	47.266	49.798	114196
im26_unsplash-textures_textures1	40	0	415539	45.733	44.151	46.691	32862
im26_unsplash-textures_textures1	40	1	413444	45.709	44.140	46.224	57071
im26_unsplash-textures_textures1	60	0	359251	42.864	42.067	44.458	23763
im26_unsplash-textures_textures1	60	1	354203	42.764	41.922	43.420	46415
im26_unsplash-textures_textures1	80	0	319508	40.606	40.818	43.064	20498
im26_unsplash-textures_textures1	80	1	312546	40.559	40.489	41.241	42855
im26_unsplash-textures_textures1	100	0	282018	38.528	39.518	41.562	20115
im26_unsplash-textures_textures1	100	1	271536	38.318	38.773	38.522	38766
im26_unsplash-textures_textures1	120	0	241023	36.062	38.389	40.068	19921
im26_unsplash-textures_textures1	120	1	230978	36.010	37.766	37.108	41899
im26_unsplash-textures_textures1	140	0	195251	33.102	37.240	38.307	18811
im26_unsplash-textures_textures1	140	1	189451	33.050	36.879	36.509	36440
im26_unsplash-textures_textures	20	0	79288	51.613	52.619	52.571	35686
im26_unsplash-textures_textures	20	1	75903	51.498	52.594	52.326	60800
im26_unsplash-textures_textures	40	0	48421	49.617	51.470	50.990	29169
im26_unsplash-textures_textures	40	1	45881	49.439	51.399	50.607	42670
im26_unsplash-textures_textures	60	0	35137	48.199	50.685	49.965	23929
im26_unsplash-textures_textures	60	1	32653	47.936	50.551	49.334	26050
im26_unsplash-textures_textures	80	0	27721	47.144	50.003	49.235	16170
im26_unsplash-textures_textures	80	1	25328	46.836	49.891	48.333	24110
im26_unsplash-textures_textures	100	0	21676	46.086	49.261	48.433	10680
im26_unsplash-textures_textures	100	1	20094	45.883	49.137	47.372	15285
im26_unsplash-textures_textures	120	0	16853	44.969	48.339	47.427	9747
im26_unsplash-textures_textures	120	1	16005	44.892	48.278	45.840	13568
im26_unsplash-textures_textures	140	0	12575	43.627	47.124	46.097	8252
im26_unsplash-textures_textures	140	1	11965	43.597	47.048	44.430	10406
